Date,Day,Time,Description
2025-09-20,Saturday,5:00PM,Haircut
2025-09-21,Sunday,3:00PM,Visit family
2025-09-22,Monday,7:00PM,Work (evening shift)
2025-09-23,Tuesday,6:00PM,Soccer practice
2025-09-24,Wednesday,9:00AM,Doctor's appointment
2025-09-25,Thursday,6:00PM,Dinner with friends
2025-09-26,Friday,8:00PM,Movie night
2025-09-27,Saturday,10:00AM,Community Service
2025-09-28,Sunday,11:00AM,Brunch with family
2025-09-29,Monday,3:00PM,Dentist appointment
2025-09-30,Tuesday,7:00PM,Work (evening shift)
2025-10-01,Wednesday,4:00PM,Study group
2025-10-02,Thursday,5:00PM,Yoga class
2025-10-03,Friday,6:00PM,Dinner date
2025-10-04,Saturday,9:00AM,Park Cleanup
2025-10-05,Sunday,10:00AM,Brunch at Cafe
2025-10-06,Monday,2:00PM,Team Meeting
2025-10-07,Tuesday,5:00PM,Book Club
2025-10-08,Wednesday,7:30PM,Concert
2025-10-09,Thursday,6:00PM,Cooking Class
2025-10-10,Friday,8:00PM,Live Theater
2025-10-11,Saturday,1:00PM,Picnic at the Lake
2025-10-13,Monday,10:00AM,Client Consultation
2025-10-14,Tuesday,1:00PM,Dental Checkup
2025-10-15,Wednesday,3:30PM,Allergist Appointment
2025-10-16,Thursday,7:00PM,Neighborhood Meeting
2025-10-17,Friday,5:00PM,Friends Gathering
2025-10-18,Saturday,2:00PM,Car Service
2025-10-19,Sunday,9:00AM,Farmers Market
2025-10-20,Monday,11:00AM,Marketing Workshop
2025-10-21,Tuesday,2:00PM,Legal Consultation
2025-10-22,Wednesday,6:00PM,Spanish Lessons
2025-10-23,Thursday,5:30PM,Networking Event
2025-10-24,Friday,7:00PM,Family Game Night
2025-10-25,Saturday,11:00AM,Home DIY Project
2025-10-28,Tuesday,3:00PM,Real Estate Viewing
2025-10-29,Wednesday,8:00AM,Business Expo
2025-10-30,Thursday,12:00PM,Lunch with Mentor
2025-10-31,Friday,8:00PM,Birthday Party
